emp_id,name,job_code,job,postal_code,state
1,Jason Ramos,J001,Analyst,63694,KY
2,Rita Morris,J005,Analyst,57188,OH
3,Kari Fox,J003,Clerk,16347,CT
4,John Fernandez,J006,Engineer,12991,NV
5,Ricky Williams,J002,Manager,62505,RI
6,Katherine Jennings,J012,Manager,53674,HI
7,Christy Moreno,J010,Manager,94978,AR
8,Jeremy Delgado,J007,Analyst,26574,NY
9,Brianna Kelly,J018,Analyst,71006,VT
10,Troy Bond,J012,Manager,12311,HI
11,Rita Figueroa,J004,Technician,96354,KY
12,Dorothy James,J012,Clerk,24903,WY
13,Abigail Davis,J019,Analyst,75870,OK
14,Carly Thomas,J015,Analyst,59710,AZ
15,Scott Rogers,J013,Technician,84876,GA
16,Brittany Fields,J017,Engineer,40775,GA
17,David Griffin,J007,Analyst,96632,CO
18,Christina Smith,J008,Manager,4584,NH
19,Stephen Tran,J005,Analyst,21037,MT
20,Dennis Smith,J018,Clerk,68727,TN
21,Joshua Huang,J020,Manager,88326,LA
22,Joshua Wilson,J013,Clerk,24398,FL
23,Kim Bond,J004,Analyst,68176,KY
24,Julia Rogers,J012,Technician,86399,FL
25,Edward Martin,J007,Analyst,47684,SD
26,Kendra Gonzalez,J007,Technician,27761,NE
27,Felicia Butler,J013,Analyst,4017,AL
28,Shannon Miller,J015,Engineer,92568,WA
29,James Gonzalez,J005,Manager,24261,WA
30,Emily Boyd,J015,Manager,39969,MO
31,Mr. Jeffrey Porter DVM,J014,Manager,48927,MA
32,Jeremy Williams,J005,Manager,70871,IL
33,Kimberly Chang,J011,Engineer,3094,NE
34,Jay Jimenez,J005,Clerk,38951,AZ
35,Eugene Roberts,J013,Technician,79084,RI
36,Steven Reyes,J017,Manager,89298,MS
37,Alexander Rodriguez,J003,Clerk,12586,MI
38,Christopher Dixon,J004,Engineer,7859,OR
39,Brittany Smith,J002,Clerk,17049,PA
40,Cindy Horton,J020,Analyst,6643,VA
41,Rachel Caldwell,J009,Technician,81208,AR
42,Teresa Green,J008,Technician,93227,VT
43,Rebecca Martin,J012,Analyst,80846,UT
44,Lori Williams,J017,Clerk,38773,AL
45,Helen Clark,J013,Manager,50822,AZ
46,Amanda Perry,J010,Technician,96703,NV
47,Jose Kim,J017,Technician,7977,TN
48,Tamara Singleton,J008,Analyst,70348,FL
49,Sherry Young,J015,Technician,71075,CA
50,James Kennedy,J005,Clerk,89752,AK
51,Michael Clayton,J007,Engineer,73463,NE
52,Joyce Walker,J015,Analyst,49399,AZ
53,Mr. Alec Cook,J009,Engineer,23676,NJ
54,Lindsay Lewis,J016,Manager,8879,AZ
55,Cindy Phillips,J017,Technician,49366,VT
56,Elizabeth Weaver,J001,Manager,10883,IA
57,Grant Johnson,J020,Manager,74728,GA
58,Savannah Collins,J002,Technician,48048,FL
59,Karen Davis,J011,Technician,48162,CO
60,Adam Hampton,J004,Analyst,38082,MI
61,John Young,J007,Engineer,76587,MS
62,Bridget Edwards,J011,Analyst,81903,AZ
63,Jonathan Petty,J020,Manager,54826,VA
64,Laurie Johnston,J019,Clerk,94424,PA
65,Allen Wise,J013,Analyst,62608,NE
66,Jessica Fox,J005,Clerk,38412,MS
67,Joshua Johnson,J013,Technician,81176,DC
68,Kyle Henson,J020,Engineer,48811,RI
69,Deborah Snyder,J003,Analyst,90835,IA
70,Terry Davis,J002,Clerk,58846,SC
71,Tyrone Russell,J010,Clerk,17656,NH
72,Alexandra Brown,J009,Technician,92342,MI
73,Daniel Chandler,J004,Manager,37676,NE
74,George Reilly,J019,Engineer,21222,DC
75,Seth Richards,J015,Technician,45300,ME
76,David George,J007,Manager,75237,NH
77,Tonya Young,J012,Technician,7287,MT
78,James Brown,J010,Clerk,12112,NE
79,Amber Hays,J015,Technician,46460,IN
80,Angel Olson,J009,Manager,42653,CA
81,Kevin Baker,J005,Clerk,12281,IN
82,Dennis Morris,J007,Clerk,89479,CO
83,Nichole Alvarez,J009,Manager,3179,SC
84,Katrina Herman,J004,Technician,86891,MN
85,Jenna Davis,J006,Technician,12362,VT
86,Steven Scott,J011,Manager,98948,MT
87,Daniel Fisher,J008,Technician,98743,NE
88,Susan Summers,J008,Technician,49127,VT
89,Shannon Crawford,J009,Clerk,12943,MO
90,Brett Higgins,J020,Technician,52064,NM
91,Laura Kidd,J011,Clerk,99667,TN
92,Karen Robinson,J009,Analyst,30350,OR
93,Danielle Gould,J006,Clerk,46698,IN
94,Sarah Reynolds,J011,Analyst,78563,CA
95,Thomas Smith,J013,Analyst,41960,ME
96,Danielle Maddox,J005,Analyst,17062,TX
97,Marc Carter,J004,Clerk,59184,KS
98,Zachary Freeman,J007,Engineer,37613,ME
99,Laura Hill,J014,Manager,15108,NV
100,Marcus Goodwin,J018,Analyst,50589,WI
101,John Pearson,J002,Engineer,59512,ME
102,Margaret Grimes,J009,Manager,26173,MO
103,Samuel Jackson,J011,Manager,5338,OR
104,Adrian Flores,J001,Analyst,53913,TX
105,Robert Jackson,J009,Manager,62218,NH
106,William Price,J016,Clerk,90240,PA
107,Michael Wilson,J011,Analyst,64802,DE
108,Jonathan Cole,J020,Manager,56597,MI
109,Stephanie Reid,J014,Analyst,4496,MI
110,Matthew Hansen,J018,Clerk,23431,CO
111,Trevor Young,J019,Manager,9003,TN
112,Donna Morgan MD,J002,Analyst,66641,LA
113,Max Jensen,J003,Technician,89529,IN
114,Michael Smith,J006,Technician,13976,PA
115,Pamela Robinson DDS,J018,Technician,79227,IN
116,Traci Turner,J014,Engineer,79736,DC
117,Stephen Nelson,J005,Clerk,59156,MS
118,Joseph Sloan,J016,Engineer,90269,NV
119,Lawrence Woods,J001,Technician,70073,TX
120,Brent Rios,J013,Clerk,46785,CA
121,Lisa Smith,J016,Manager,78502,CA
122,Jeffrey Odonnell,J012,Technician,31549,IN
123,Tracie Wong DVM,J002,Analyst,95159,MN
124,Kimberly Sampson,J005,Clerk,63725,TX
125,Melissa Riddle,J004,Manager,28502,WI
126,Randy Young,J008,Clerk,41675,IA
127,Yvonne Mcmillan,J012,Manager,5910,MS
128,Cathy Weaver,J019,Technician,60636,MO
129,Jennifer Meyer,J016,Engineer,5025,NY
130,Joseph Robertson,J001,Manager,97533,MD
131,Sandra Sanchez,J006,Technician,94357,HI
132,Tim Pearson,J014,Technician,81077,WV
133,Mark Alvarez,J005,Manager,64272,OR
134,James Miller,J017,Technician,31892,SD
135,Mr. Robert Smith,J020,Technician,30080,NJ
136,Elijah Kelly,J014,Technician,87028,ME
137,Barbara Barnes,J002,Technician,55484,NE
138,Barbara Henderson,J004,Clerk,82848,MS
139,Dana Whitehead,J010,Manager,74860,FL
140,Ronald Taylor MD,J017,Manager,78928,OK
141,Amber Aguilar,J007,Technician,19308,AR
142,David Leon,J003,Clerk,5199,MA
143,Victoria Horn,J013,Analyst,64169,KS
144,Katherine Bates,J016,Clerk,32522,MD
145,Thomas Henderson,J018,Manager,20388,CA
146,Ashley Willis,J001,Technician,9879,ND
147,Robert Pineda,J010,Technician,91065,MD
148,Allen Davis,J019,Technician,64249,FL
149,Ross Tran,J007,Manager,28161,TN
150,Tiffany Yates,J011,Clerk,6102,MT
151,David Morris,J011,Clerk,78496,NE
152,Lauren Frye,J004,Analyst,527,NC
153,Courtney Tucker,J004,Technician,91026,WY
154,James Perry,J001,Analyst,56491,LA
155,Brian Williams,J002,Engineer,73510,MO
156,Marcus Hoffman,J006,Engineer,32566,WY
157,Samuel Thompson,J007,Technician,90830,MS
158,Mrs. Christine Martinez MD,J012,Manager,88273,ID
159,Mary Harvey,J007,Analyst,86415,ME
160,Christopher Foster,J004,Analyst,82406,NM
161,Christine Adams,J006,Technician,64096,MO
162,Brian Mosley Jr.,J006,Analyst,70981,ME
163,Deanna Whitaker,J018,Manager,879,DC
164,Jennifer Dixon,J013,Manager,32585,RI
165,Diane Kelly,J018,Analyst,41284,CO
166,Toni Hernandez,J009,Technician,16043,MT
167,Eric Estrada,J012,Clerk,7982,OR
168,Jacob Roberts,J010,Clerk,6679,UT
169,Michele Murphy,J012,Technician,11378,NY
170,Corey Gonzalez,J019,Manager,49823,AR
171,Paula Munoz,J011,Engineer,30183,CA
172,Steven Miles,J019,Manager,79482,ID
173,Christopher Schroeder,J005,Analyst,35771,NH
174,Mike Kennedy,J004,Engineer,32115,NE
175,Leah Ortiz,J012,Technician,3242,IA
176,Shelley Bailey,J014,Clerk,21373,SD
177,Michael Smith,J011,Manager,17064,LA
178,Dr. Shawn Jones,J012,Clerk,97483,NH
179,Shannon Chapman,J005,Clerk,62869,WI
180,Kimberly Evans,J015,Manager,78018,HI
181,Linda Foley,J013,Clerk,25122,NE
182,Jose Winters,J006,Analyst,83026,NC
183,Margaret Gonzalez,J014,Engineer,67345,DE
184,Mario White,J012,Technician,81907,MT
185,Rebecca West,J003,Analyst,54565,IA
186,Jacob Garcia,J016,Technician,3197,MN
187,John Clark,J016,Manager,88639,AZ
188,Joshua Holden,J007,Engineer,70175,OK
189,Timothy Peterson,J011,Manager,44239,UT
190,James Dudley,J008,Technician,50451,KS
191,April Wilkerson,J002,Technician,84910,NM
192,Katelyn Brown,J009,Engineer,79151,RI
193,Jamie Morales,J001,Clerk,87110,DE
194,Amanda Reed,J005,Engineer,74947,NE
195,Kimberly Daniels,J006,Clerk,86867,MT
196,Dennis Hooper,J020,Clerk,95495,MI
197,Julian Woods,J016,Clerk,72942,AK
198,Leslie Johnson,J015,Engineer,13961,KS
199,Breanna Pollard,J014,Clerk,81534,NY
200,Darrell Jones,J019,Engineer,88350,WI
201,Bianca Allison,J017,Analyst,25923,MD
202,Daniel Schultz,J017,Manager,61272,SC
203,Mark Jones,J003,Clerk,95650,AZ
204,Ashley Hunt,J011,Analyst,94267,OH
205,John Hill,J004,Manager,69490,HI
206,Melissa Perry,J013,Clerk,15402,FL
207,Deborah Thomas,J003,Manager,36699,MD
208,Vanessa Kelley,J002,Analyst,76566,MT
209,Pamela Reeves,J015,Manager,43397,VT
210,Benjamin Robertson,J012,Analyst,53729,DE
211,Glenn Harvey,J005,Clerk,35307,MN
212,Ashley Lewis,J018,Analyst,54485,MO
213,Amber Sanchez,J013,Engineer,86745,SD
214,Laura Baker,J015,Clerk,89600,TX
215,Jessica Hansen,J013,Technician,6577,NY
216,Robert Adams,J013,Manager,64429,ID
217,Christopher West,J019,Clerk,26479,NE
218,Robert Garcia,J008,Technician,55631,ID
219,Anthony Potts,J020,Engineer,44761,WV
220,Karen Williams,J016,Engineer,9495,AR
221,Patricia Hubbard,J009,Clerk,34043,NV
222,Rachel Jordan,J020,Analyst,31427,TN
223,Ashley Brown,J016,Technician,60093,OK
224,Ronald Woods,J017,Clerk,91533,KY
225,Mary Cole,J007,Manager,35058,NE
226,Patrick Smith,J004,Clerk,88967,IL
227,Erica Cross,J015,Technician,76175,WA
228,Joseph Collins,J006,Technician,24770,CT
229,Matthew Cooper,J012,Engineer,98626,WA
230,Robert James,J004,Manager,45159,KY
231,Teresa Woodward,J012,Analyst,51527,AL
232,Ryan Smith,J004,Clerk,87718,PA
233,Ashley Lopez,J001,Analyst,87926,MN
234,William Cruz,J007,Analyst,49880,NM
235,Jackie Mercado,J001,Manager,99177,AZ
236,Matthew Castillo,J011,Engineer,27644,NC
237,Dr. Seth Allen PhD,J013,Engineer,34454,OK
238,Anthony Marks,J020,Manager,96402,MN
239,Kenneth Bailey,J015,Analyst,41722,TN
240,Brianna Carson,J017,Technician,95445,WY
241,Philip Black,J016,Technician,96382,AK
242,Heather Downs,J008,Manager,98519,MD
243,Benjamin Wright,J011,Manager,38940,WV
244,Johnny Cannon,J016,Engineer,65213,NE
245,Mrs. Jaime Coffey,J016,Engineer,36206,CO
246,Ashley Griffin,J013,Manager,18739,VT
247,Brenda Higgins,J004,Analyst,55637,IL
248,Sandra Buchanan,J016,Engineer,82204,MD
249,Mr. Kevin Nguyen MD,J006,Analyst,74112,MO
250,Brandon Duncan PhD,J006,Clerk,37111,AZ
251,Joseph Ortega,J007,Engineer,65811,MO
252,Kayla Spencer,J003,Analyst,91405,FL
253,Kimberly Petersen,J018,Analyst,93072,NH
254,Molly Case,J002,Clerk,44282,ME
255,Martin Jackson,J016,Technician,98007,AZ
256,Brian Mills,J020,Engineer,4843,AK
257,Victoria Potter,J012,Engineer,21842,MS
258,Ms. April Brown MD,J011,Technician,63522,DC
259,Brenda Mccarthy,J016,Analyst,67867,AL
260,Mario Ray,J017,Technician,49032,MT
261,Sean Rice,J011,Manager,7605,WI
262,Jacob Romero,J012,Clerk,52963,HI
263,Andrew Peterson,J014,Analyst,11421,WI
264,Ronald Smith,J013,Engineer,88833,FL
265,Roy Duncan,J012,Analyst,54527,MN
266,Glenda Garcia,J002,Clerk,43710,NC
267,Megan Castro,J014,Manager,97919,MS
268,Felicia Collins,J004,Technician,48495,NM
269,Donald Thornton,J001,Analyst,6397,DE
270,William Barton,J001,Technician,38716,TN
271,Rhonda Nelson,J011,Engineer,44737,IN
272,Sean Miller,J014,Manager,88924,TX
273,Melissa Green,J017,Clerk,48419,IN
274,Erica Cuevas,J009,Clerk,30356,KS
275,Jordan Kent,J011,Engineer,12713,ME
276,Briana Abbott,J004,Clerk,27234,WY
277,Clinton Miller,J009,Analyst,92638,NE
278,Tracey Moore,J006,Technician,40322,AK
279,Jill Moore,J016,Technician,18297,FL
280,Daniel Ritter,J006,Engineer,92357,MO
281,Patrick Parrish,J005,Manager,88943,WV
282,Jeffrey Morton,J019,Analyst,62355,DE
283,Jennifer Myers,J018,Clerk,74255,OH
284,Ryan Spears,J020,Manager,51588,MN
285,Andrea Lee,J008,Analyst,84982,AK
286,Melissa Brown,J011,Engineer,71711,VT
287,Jacob Ellis,J018,Engineer,4166,NJ
288,Danny Wilson,J005,Clerk,92884,MN
289,Shane Spencer,J005,Engineer,29267,GA
290,Charles Moore,J003,Clerk,73841,TX
291,Joseph Garrett,J004,Engineer,98485,AL
292,Audrey Noble,J019,Manager,4154,WA
293,Caroline Whitaker,J013,Engineer,31904,FL
294,Kaitlyn Wood,J012,Analyst,19599,SC
295,William Serrano,J018,Manager,65984,ID
296,Felicia Gonzalez,J014,Manager,63730,ND
297,Linda Smith,J019,Manager,30499,MA
298,Sean Bauer,J015,Clerk,26257,MI
299,Kathryn Shaw,J005,Technician,15323,MA
300,Tyler Lopez,J015,Analyst,21566,VT
301,Michelle Mcgee,J006,Analyst,37490,NJ
302,Kaitlin Vargas,J012,Clerk,42875,MD
303,Jamie King,J001,Engineer,99935,VT
304,Jonathan Johnson,J017,Clerk,85901,SC
305,Ashley Stevenson,J002,Engineer,11837,VA
306,Kimberly Hall,J007,Technician,30086,OK
307,David Jones,J013,Analyst,50948,NY
308,Donald Brown,J004,Technician,17331,CT
309,Cristian Huber,J012,Engineer,23710,MN
310,Scott Reid,J020,Manager,67121,MN
311,Jonathan Scott,J019,Technician,79706,CA
312,Andrew Norris,J009,Technician,63740,HI
313,Sheri Ross,J013,Technician,17942,WY
314,Larry Adams,J005,Engineer,68921,AL
315,Lindsey Joseph,J005,Analyst,44537,TX
316,Lauren Snyder,J011,Technician,92263,DE
317,Robert Sloan,J009,Manager,21617,AR
318,Leslie Gibson,J007,Manager,93713,NM
319,Ashlee Watkins,J020,Technician,7619,GA
320,Sara Bowen,J019,Analyst,40105,NH
321,Joseph Gross,J015,Clerk,50038,NY
322,Cindy Cervantes,J009,Engineer,80898,AK
323,Richard Torres,J011,Clerk,64264,AZ
324,Carly Holden,J009,Technician,83304,DC
325,Brianna Marshall,J007,Technician,64922,WI
326,Troy Hansen,J008,Manager,9751,WI
327,Summer Taylor,J017,Clerk,80694,ID
328,Deborah Oneal,J009,Manager,77617,NE
329,Claudia Hansen,J009,Analyst,24515,MD
330,Leah Griffin,J011,Manager,96184,NV
331,Amy Barr,J011,Technician,16239,AZ
332,Mary Reese PhD,J002,Manager,27100,MN
333,Colin Wilson,J005,Engineer,59434,MT
334,Teresa Berry,J019,Technician,39169,KS
335,Tanya Norman,J005,Manager,89727,AZ
336,Mrs. Tammy Cole DVM,J015,Analyst,12453,NJ
337,Olivia Jackson,J004,Engineer,42560,NV
338,Mark Maldonado,J007,Clerk,31703,PA
339,Jamie Nunez,J019,Engineer,27747,TX
340,Jason Graham,J016,Technician,16284,IA
341,Tiffany Rodriguez,J015,Clerk,10796,WI
342,David Perez,J008,Analyst,60807,OK
343,Jeremy Haley,J011,Engineer,77063,LA
344,Cheryl Flores,J004,Technician,12779,KY
345,Shannon Gomez,J003,Clerk,46955,NM
346,Claudia Donovan,J004,Technician,98699,SC
347,Kenneth Berry,J011,Analyst,90276,LA
348,Cynthia Johnson,J001,Technician,61173,GA
349,Jason Nelson,J010,Analyst,63470,IN
350,Patricia Nelson,J002,Technician,99711,OH
351,Nicholas Green,J012,Engineer,87635,HI
352,Teresa Compton,J017,Engineer,71040,FL
353,Robert Smith,J015,Technician,83694,IA
354,Jose Carlson,J008,Manager,61024,DC
355,Barry Ruiz,J015,Analyst,89206,AL
356,Jennifer Williams,J009,Engineer,49780,NY
357,Jessica Ramos,J017,Manager,38452,RI
358,Mark Wright,J016,Clerk,57485,AR
359,Guy Reyes,J012,Analyst,31521,ID
360,Lisa Hanson,J012,Manager,8602,AZ
361,Yvonne Baxter,J008,Clerk,598,CT
362,Amanda Hood,J011,Engineer,21066,KY
363,Mr. Phillip Cuevas,J015,Analyst,59815,ND
364,Joseph Nunez,J013,Manager,97146,NV
365,Mark Russell,J001,Technician,51871,RI
366,Sydney Hernandez,J008,Technician,27942,WY
367,Seth Barr,J011,Engineer,57705,CA
368,Jodi Short,J002,Technician,3166,TX
369,Samuel Best,J014,Manager,79860,RI
370,Anthony Meyer,J008,Technician,39498,DE
371,Jeremiah Stewart,J015,Engineer,30860,ID
372,Jennifer Hernandez,J002,Clerk,80848,AK
373,Linda Berry,J014,Technician,41072,WV
374,Douglas Fisher,J020,Manager,37601,IL
375,Heather Richards,J019,Analyst,24210,DE
376,Kim Knox,J002,Manager,80142,AR
377,Carmen Hernandez,J004,Clerk,53391,WY
378,Catherine Jones,J009,Manager,83797,WA
379,Julie Le,J002,Technician,48430,NM
380,Beth Brown,J006,Clerk,80288,NM
381,Kathleen Medina,J002,Clerk,21825,LA
382,Jason Nguyen,J007,Engineer,37701,MA
383,Kenneth Ramos,J012,Clerk,52472,IN
384,Kevin Ortiz,J017,Technician,99670,ID
385,Shannon Neal,J019,Clerk,47686,OK
386,Brian Coleman,J004,Analyst,97441,TX
387,Renee Bennett,J017,Clerk,67322,MT
388,Meghan West,J010,Manager,57435,AL
389,Gregory Ross,J010,Clerk,3558,PA
390,Daniel Barrett,J005,Technician,95382,WA
391,Brittany Arnold,J001,Engineer,4609,LA
392,Jennifer Rivera,J005,Analyst,94106,FL
393,Erica Davidson,J017,Engineer,29035,SD
394,Erica Bruce,J015,Analyst,97077,RI
395,Haley Walters,J004,Manager,55458,WV
396,Erica Hayes,J017,Engineer,31296,NH
397,Sean Young,J014,Technician,60041,KS
398,Rhonda Figueroa,J018,Technician,93562,CT
399,Ashley Perkins,J007,Clerk,84485,OH
400,Bradley Huffman,J007,Technician,10299,WA
401,Michael Brown,J014,Manager,47141,MT
402,Patrick Hurst,J003,Manager,71021,IL
403,Brian Mclaughlin,J017,Clerk,35553,MT
404,Nicole Wright,J008,Engineer,16718,LA
405,Michelle Fitzgerald,J018,Manager,42509,VA
406,Abigail Schroeder,J006,Technician,88734,AR
407,David Munoz,J007,Manager,70996,MD
408,Thomas Juarez,J002,Clerk,41217,DC
409,Sarah Miller,J006,Technician,86886,VT
410,Robert Murray,J005,Technician,86057,MO
411,Suzanne Nash,J007,Clerk,65650,TX
412,Charles Sims,J004,Engineer,44149,KY
413,Jeffrey Keller,J012,Technician,58082,AK
414,Jeffrey Perez,J009,Engineer,49537,CO
415,Miranda Griffith,J007,Clerk,4979,FL
416,Carrie Thompson,J007,Technician,21109,FL
417,Jose Stevens,J011,Manager,79376,GA
418,Elizabeth Walsh,J008,Engineer,39091,CA
419,Michael Watson,J006,Analyst,48157,SD
420,Patrick Morris,J020,Manager,94372,WV
421,Gregory Howell,J005,Technician,15535,CT
422,Bryce Cox,J019,Clerk,53723,VA
423,Kenneth Hardy,J019,Engineer,16607,VA
424,Susan Williams,J020,Analyst,83124,KY
425,Ray Maynard,J010,Analyst,74793,SC
426,Brittany Robinson,J002,Technician,74541,MD
427,Arthur Stewart,J017,Analyst,7124,UT
428,Jonathan Gardner,J016,Technician,81693,WI
429,Elizabeth Bell,J013,Technician,10885,MO
430,Zachary Oneal,J003,Technician,45848,SD
431,Joshua Henry,J011,Manager,90945,WI
432,John Camacho,J006,Analyst,18115,IL
433,Sherri Ortiz,J012,Technician,39866,GA
434,Isaac Livingston,J002,Clerk,50167,NC
435,Mary Ross,J007,Analyst,9470,OH
436,Andre Garcia,J001,Analyst,27742,ME
437,Carlos Smith,J004,Clerk,84655,HI
438,Michael Lindsey,J008,Manager,96709,OK
439,Wesley Gamble,J011,Engineer,72530,ME
440,Seth Morgan,J001,Technician,89049,SD
441,Tony Williams,J001,Technician,20443,MI
442,Elizabeth Carter,J004,Engineer,60649,FL
443,Michael Gregory,J010,Clerk,6917,OR
444,Bryce Dennis,J011,Technician,94868,ND
445,Hector Allen,J004,Clerk,24736,KS
446,Karen Perez,J005,Technician,91289,UT
447,Beth Fuentes,J004,Analyst,1080,SD
448,Maureen Casey,J010,Engineer,24121,MN
449,Derek Harper,J006,Engineer,18828,WI
450,Colleen Fitzpatrick,J014,Engineer,79134,VT
451,Nancy Bass,J016,Analyst,44058,PA
452,Chad Oliver,J012,Manager,45075,HI
453,Justin Ramos,J017,Technician,84873,PA
454,Christopher Vasquez,J017,Technician,26508,CT
455,Stephen Scott,J006,Manager,62139,AL
456,Ms. Danielle Ayers,J020,Clerk,43232,IL
457,Willie Silva,J019,Manager,22868,ID
458,Dakota Gonzales,J003,Manager,93740,MT
459,Ashley Melton,J004,Technician,38837,NM
460,Jamie Johnson,J011,Clerk,45884,AZ
461,Jessica Leblanc,J006,Analyst,88163,NY
462,Jonathan Ware,J007,Clerk,54898,NJ
463,Kenneth Miller,J003,Manager,71176,NM
464,Lisa Kramer,J017,Engineer,63475,MI
465,Jenny Short,J003,Technician,11884,WY
466,John Harrington,J018,Engineer,9475,NH
467,Shannon Lawson,J006,Engineer,83240,SC
468,Nicolas Castro,J009,Clerk,20645,KS
469,Ashley Olson,J016,Engineer,89594,DE
470,Donna Davis,J010,Manager,55589,FL
471,David Avery,J014,Analyst,45323,ME
472,Michael Sanchez,J014,Technician,50694,CT
473,Sarah Beasley,J005,Clerk,37786,VA
474,Lawrence Wu,J013,Technician,45373,MN
475,Megan Simmons,J015,Clerk,13965,RI
476,Jennifer Gay,J017,Clerk,14708,FL
477,Derek Bradford,J010,Manager,26210,MI
478,Sierra Walton,J020,Analyst,28481,NV
479,Cynthia Washington,J002,Technician,22147,NV
480,Nicholas Bryant,J010,Engineer,42019,SD
481,Bonnie Castillo,J013,Manager,59915,NJ
482,Joseph Evans,J014,Technician,90124,NE
483,Jennifer Jacobson,J010,Manager,31900,IA
484,Crystal Frost,J009,Technician,46448,UT
485,Megan Edwards,J017,Clerk,47883,GA
486,Tracy Hendricks,J004,Manager,69754,ME
487,Mr. Robert Lane Jr.,J001,Manager,14317,OH
488,Jennifer Bowman,J009,Engineer,18377,CO
489,William Cruz,J006,Engineer,26002,IA
490,Catherine Wallace,J008,Engineer,9930,NC
491,Barry Ramirez,J006,Clerk,49591,FL
492,John Maxwell,J018,Analyst,18578,WA
493,Regina King,J017,Clerk,37140,RI
494,Pamela Mendez,J009,Technician,84483,WY
495,Kevin Patterson MD,J003,Engineer,51297,NJ
496,Teresa Weeks,J015,Clerk,21998,NE
497,Robert Carroll,J004,Engineer,80555,WV
498,Benjamin Phillips,J013,Engineer,94336,KY
499,Amanda Mercer,J017,Clerk,49923,MT
500,Laura Taylor,J006,Clerk,57491,MN
501,Todd Smith,J017,Technician,24930,TN
502,Christopher Mills,J020,Manager,70436,NH
503,Carl Moore,J001,Engineer,47689,AK
504,Lance Johnson,J001,Clerk,62229,NH
505,Alyssa Rodriguez,J020,Manager,36134,WV
506,Nancy Elliott,J013,Clerk,49120,NE
507,Jennifer Hall,J019,Technician,60101,ND
508,Jonathon Kennedy,J014,Technician,45987,VT
509,Teresa Crane,J020,Clerk,76416,WV
510,Sabrina Wheeler,J009,Analyst,59556,LA
511,Terri Kennedy,J019,Analyst,81991,KS
512,Catherine Cain,J002,Manager,71596,LA
513,Larry Huang,J018,Clerk,89870,WV
514,Nicholas Watts,J007,Technician,3819,OH
515,Angela Oneill,J015,Technician,23994,ND
516,Gregory Kim,J006,Manager,99296,IA
517,Mallory Mcdonald,J007,Technician,1283,KY
518,Anthony Navarro,J008,Analyst,60900,FL
519,Zachary Moore,J009,Technician,15376,NM
520,Dylan Clayton,J002,Analyst,83686,UT
521,Jennifer Miles,J006,Analyst,32733,HI
522,Kathryn West,J007,Technician,76155,MS
523,Jason Taylor,J017,Analyst,12093,HI
524,Stephanie Ewing,J003,Technician,15594,MA
525,Adam Smith,J015,Engineer,57716,VT
526,Samantha Fox,J008,Manager,80077,PA
527,Lisa Moore,J008,Technician,84380,KY
528,Victor Rasmussen,J015,Manager,45061,OH
529,Wendy Gonzales,J012,Technician,86378,SC
530,Sandra Edwards,J019,Clerk,36870,FL
531,Ryan Mcdonald,J014,Manager,93971,AK
532,Matthew Decker,J009,Clerk,18503,HI
533,Devin Hurst,J007,Clerk,85823,NC
534,Susan Barker,J007,Engineer,99415,RI
535,Joseph Morris,J010,Analyst,57904,NM
536,William Hughes,J006,Engineer,28218,FL
537,Alexander White,J012,Technician,36971,VA
538,Emily Sanders,J001,Manager,83335,AL
539,Dr. Juan Benson,J011,Engineer,42270,OK
540,Karen Berg,J020,Clerk,23923,ND
541,Sierra Perez,J019,Manager,4872,OH
542,Michael Escobar,J019,Clerk,48219,IA
543,Grant Jones,J018,Clerk,84680,OR
544,Mr. Steven Miller,J017,Clerk,44947,PA
545,Robert Turner,J007,Engineer,77470,IN
546,Jack Wright,J020,Engineer,16649,AL
547,Daniel Rodriguez,J014,Analyst,69329,SC
548,Cassidy Wells,J005,Technician,27234,SD
549,Suzanne Nelson,J003,Engineer,71620,MT
550,Karen Chang,J020,Technician,89045,NH
551,Alyssa Mason,J016,Clerk,96264,AR
552,Andrew Macias,J019,Technician,71994,SC
553,Jon Wood,J007,Analyst,19469,HI
554,Amber Berry,J009,Analyst,90330,IL
555,Mr. Aaron Sanchez,J013,Manager,37283,WI
556,Justin Landry,J020,Engineer,14250,TX
557,Joseph Bates,J017,Technician,69096,AK
558,Karen Freeman,J004,Clerk,37369,IA
559,Patty Ward,J013,Manager,48903,OK
560,Darrell Gregory,J002,Engineer,65102,LA
561,Valerie Young,J015,Engineer,67433,ID
562,Vickie Graves,J017,Analyst,37328,SD
563,Carolyn Leblanc,J017,Engineer,79086,CA
564,Sean Roberts,J016,Technician,31446,RI
565,Zachary Morris,J015,Manager,97607,WY
566,Darren Morales,J018,Manager,52139,NY
567,Heather Smith,J001,Analyst,99109,AZ
568,Tiffany Hammond,J019,Clerk,84876,MD
569,Angela Wells,J012,Manager,37499,OH
570,Kimberly Lee,J007,Engineer,63531,SD
571,Robert Evans,J008,Manager,96596,LA
572,Alisha Smith,J011,Manager,18902,ME
573,Jeremy Taylor,J019,Engineer,28552,UT
574,Andrea Ward,J020,Manager,15448,MT
575,Laura Bonilla,J006,Clerk,14724,WA
576,Russell Russell,J010,Technician,5476,WY
577,Sarah Murray,J016,Technician,20169,NC
578,Jennifer Hayes,J003,Clerk,9192,IN
579,Adam Beck,J014,Engineer,73564,AL
580,Alan Crawford,J006,Engineer,47368,IA
581,Taylor Rogers,J018,Analyst,16318,OK
582,Jennifer Adams,J010,Engineer,54367,MD
583,Kim Wilkinson,J006,Clerk,81384,MA
584,Jasmine Lindsey,J001,Analyst,30558,MI
585,Katrina Lane,J014,Technician,25735,TX
586,Tammy Lopez,J009,Manager,2205,WY
587,Patrick Williams,J005,Manager,46973,VT
588,Samantha Martinez,J011,Engineer,23293,MA
589,Timothy Jordan,J018,Technician,88654,NJ
590,Christopher Joseph,J018,Analyst,47942,SC
591,Laura Valenzuela,J006,Analyst,86622,IN
592,Sarah Jones,J006,Clerk,9220,ID
593,Brian Price,J007,Manager,4630,AL
594,Zachary Torres,J007,Analyst,92417,VT
595,Jose White,J004,Clerk,2831,SC
596,Jared Roberts,J011,Technician,84324,VT
597,James Jimenez,J013,Manager,20780,WY
598,Kara Brewer,J011,Manager,99766,NE
599,Colin Hall,J001,Engineer,69404,DC
600,Shane Tate III,J002,Clerk,51931,VA
601,Mark Smith,J008,Technician,735,AZ
602,Christopher Thomas,J012,Analyst,95306,KS
603,Billy Gomez,J014,Technician,36747,AL
604,Jared Smith,J006,Analyst,76599,OH
605,Cody Cummings,J006,Manager,33741,VA
606,Catherine Beck,J009,Engineer,8042,TN
607,Daniel Hines,J003,Clerk,16458,MO
608,Amanda Leach,J007,Technician,55020,CT
609,Matthew Rivera,J001,Analyst,91793,KS
610,Lori Mccoy,J010,Technician,59011,UT
611,Miranda Ruiz,J013,Manager,69297,MN
612,Robert Bowen,J004,Technician,86022,UT
613,James Miller,J013,Manager,77458,IL
614,William Williams,J006,Technician,16649,SC
615,Haley Maldonado,J011,Analyst,30930,WY
616,Robin Page,J010,Manager,38962,AZ
617,John Butler,J014,Engineer,75236,NE
618,Paul Dorsey,J005,Technician,84764,NJ
619,Christine Lewis,J005,Analyst,41698,IL
620,Brian Prince,J014,Engineer,72926,NC
621,Mr. Matthew Chang MD,J014,Engineer,90990,NJ
622,Matthew Washington,J005,Clerk,5677,KY
623,Gregory Charles,J006,Analyst,68996,SC
624,Cynthia Sanchez,J001,Analyst,88613,OR
625,Sandra Henderson,J018,Technician,52543,VT
626,Bruce Jones,J006,Analyst,9491,VA
627,Lisa Kelly,J009,Manager,76530,OH
628,Danny Nguyen,J005,Technician,57043,LA
629,Katrina Shaw,J019,Manager,81005,IN
630,Wendy Bryan,J005,Manager,22709,MS
631,Lindsay Turner,J013,Manager,95932,PA
632,John Jones,J001,Engineer,12083,ID
633,James Espinoza,J001,Analyst,94734,DE
634,Chad Strong,J009,Analyst,41657,NY
635,Madeline Bishop,J009,Manager,90147,NE
636,Paul Lawrence,J001,Clerk,72724,ND
637,Joann Harris,J015,Engineer,43562,RI
638,Charlotte Fields,J004,Engineer,64401,MI
639,Kyle Burke,J013,Clerk,22350,DC
640,Zachary Walker,J019,Analyst,46952,MD
641,Anna Edwards,J020,Technician,9988,DC
642,Jeanette Watson MD,J004,Technician,34199,NY
643,Darren Robinson,J008,Analyst,96142,FL
644,Mitchell Hanson,J011,Technician,87690,CA
645,Elizabeth Burgess MD,J017,Technician,14201,ND
646,Robert Hutchinson,J003,Manager,7336,WA
647,Brittany Williams,J007,Engineer,13479,WV
648,Amber Long,J004,Engineer,22916,MA
649,Jennifer Santos,J013,Analyst,55019,TX
650,Amber Williams,J005,Technician,19037,MO
651,Tanner Ramos,J013,Analyst,99756,NH
652,Alyssa Jordan,J011,Technician,51194,WI
653,Mrs. Ashley Price,J008,Manager,2636,TX
654,Katie Fields,J011,Clerk,26223,WI
655,Benjamin Martinez,J015,Manager,66127,NC
656,Shawn Davis,J019,Technician,65122,ND
657,Christopher Brooks,J002,Engineer,15830,UT
658,John Gray,J003,Clerk,68668,DE
659,John Bowen,J001,Clerk,53493,SC
660,Nicole Meadows,J013,Engineer,11523,FL
661,Thomas Reese,J009,Clerk,650,NV
662,Michelle Mann,J013,Manager,18479,TX
663,Donna Wilson,J013,Technician,75051,SD
664,Desiree Fowler,J019,Clerk,51873,IA
665,Joseph Sanchez,J007,Clerk,59467,MA
666,Phyllis Kelly,J003,Manager,7556,VA
667,Latoya Green,J011,Engineer,96119,MI
668,Timothy Harvey,J012,Technician,8293,KS
669,Elizabeth Lynch,J003,Clerk,96050,RI
670,Judith Williamson,J019,Manager,85250,ME
671,Cheyenne Patel,J019,Technician,12151,MT
672,Christopher Calderon,J005,Technician,46113,IN
673,Corey Greene,J003,Clerk,15424,MI
674,Stacey Davidson,J011,Engineer,9830,WA
675,Breanna Rodriguez,J020,Technician,29933,MN
676,Dr. James Rocha,J017,Clerk,41649,HI
677,Gina Torres,J006,Engineer,6797,KY
678,Paul Wright,J005,Analyst,81480,SD
679,Erin Moore PhD,J005,Manager,99771,AR
680,Shawn Perez,J003,Technician,12308,WA
681,Patricia Allen,J001,Clerk,4187,ID
682,Jake Cameron,J018,Clerk,98170,SC
683,Maria Jackson,J011,Engineer,84918,AK
684,Randy Brown,J020,Clerk,40612,NH
685,James Wright,J002,Manager,1287,KS
686,Michael Massey,J005,Clerk,31371,ND
687,Whitney Smith,J006,Engineer,97846,NJ
688,Jonathan Nguyen,J015,Analyst,96162,SC
689,Brandon Ferguson,J013,Technician,7538,MT
690,Deborah Wood,J001,Analyst,2208,ID
691,Mrs. Nicole Wilson,J020,Technician,33983,OK
692,Dawn Murray,J010,Analyst,8186,MN
693,Zachary Lambert,J006,Technician,60849,MI
694,Theresa Parker,J014,Analyst,43358,VT
695,Jillian Thompson,J016,Engineer,97269,VT
696,Michael Powell,J006,Engineer,89215,KY
697,Kevin Trevino,J007,Analyst,32604,WI
698,Alexandra Carroll,J011,Clerk,68284,CT
699,Matthew Larsen,J004,Engineer,54987,AL
700,Kimberly Rodriguez,J009,Technician,35706,MD
701,Ruth Lindsey,J004,Engineer,22669,GA
702,Jaclyn Ortega,J011,Analyst,99798,DE
703,Pamela Davis,J004,Clerk,9302,WA
704,Michael Johnson,J008,Analyst,84575,MS
705,Adam Reyes,J008,Analyst,6876,FL
706,Laurie Weaver,J018,Engineer,87261,VA
707,Amy Welch,J008,Technician,35354,OK
708,Leslie Petersen,J012,Engineer,76099,AK
709,Ronnie Medina,J008,Analyst,57899,WI
710,Harold Hamilton,J017,Clerk,24056,WA
711,Brandon Jackson,J012,Analyst,88835,MT
712,Eric Moody,J012,Clerk,72860,MS
713,Cristian Fletcher,J003,Clerk,99414,IA
714,Rhonda Johnson,J017,Engineer,95719,TN
715,Ashley Johnson,J019,Manager,27733,WV
716,Mrs. Melissa Hartman,J002,Engineer,24614,MA
717,Sean Nguyen MD,J004,Manager,89611,WY
718,Jacob Alexander,J020,Technician,13782,LA
719,Susan Tate,J018,Manager,5293,DC
720,Peter Booker,J019,Clerk,61267,SD
721,Corey Hall,J020,Technician,68753,NV
722,Hannah Smith,J013,Technician,49487,KY
723,Carl Smith,J004,Clerk,64594,ME
724,Michael Sparks,J013,Technician,93056,ME
725,John Baker,J006,Analyst,58973,NJ
726,Andrew Walker,J018,Clerk,518,NJ
727,Colleen Caldwell,J009,Analyst,34295,IA
728,Stephen Payne,J015,Technician,31425,WA
729,Russell Thomas,J013,Clerk,64929,NC
730,Debra Vasquez,J013,Technician,43539,WA
731,Isabel Johnson,J011,Engineer,55171,ME
732,Ruben Rodgers,J014,Technician,61461,AZ
733,Alexis Johnson,J007,Technician,35382,WI
734,William Diaz,J001,Manager,42606,NH
735,Raymond Cardenas,J001,Manager,52646,SC
736,Stephanie Marks MD,J003,Technician,52904,NE
737,Jared Thompson Jr.,J013,Analyst,67248,GA
738,Derek Johnson,J006,Technician,63346,UT
739,Renee Fischer,J015,Clerk,39625,VA
740,Rhonda Anderson,J014,Analyst,48667,GA
741,Mark Moore,J017,Engineer,76118,KS
742,Allen Sandoval,J020,Engineer,79549,WV
743,Anthony Solomon,J018,Manager,20169,SC
744,Mitchell Chang,J012,Manager,73740,GA
745,Joshua Jones,J014,Clerk,56732,NM
746,Elizabeth Munoz,J020,Technician,39275,WI
747,Danielle Hernandez,J011,Engineer,84541,RI
748,Sydney Martin,J015,Analyst,52475,CO
749,Carlos Mitchell,J012,Engineer,13316,PA
750,Stacey Meyers,J020,Clerk,42956,GA
751,Richard Lopez,J003,Analyst,71881,ME
752,Paul Lynn,J007,Analyst,70840,CT
753,Lori Clark,J006,Technician,23251,LA
754,Lindsay Fisher,J015,Analyst,34663,SC
755,Daniel Lopez,J003,Engineer,9182,MD
756,Darin Price,J010,Clerk,20311,TN
757,Susan Bray,J019,Analyst,13990,WI
758,Paul Leon,J014,Technician,75570,OR
759,Tyrone Reed,J018,Analyst,927,RI
760,Karl Stein,J003,Technician,74237,MN
761,Dakota Church,J016,Manager,56039,AR
762,Rachel Ford,J020,Analyst,47727,ID
763,Donna Benjamin,J015,Technician,47736,DC
764,Peter Yang,J015,Technician,91041,NM
765,David Johnson,J011,Analyst,16683,NC
766,Traci Hoffman,J020,Analyst,86702,NM
767,Kristina Martinez,J020,Clerk,35178,OH
768,Joshua Gonzalez,J001,Technician,28395,TN
769,Regina Matthews,J019,Clerk,65349,VT
770,Kayla Dillon,J019,Technician,15385,TX
771,Erik Gallegos,J007,Clerk,12094,MI
772,Linda Pearson,J018,Technician,19576,NH
773,Catherine Washington,J012,Technician,39803,ND
774,Paige Cummings,J003,Clerk,73884,WA
775,Mary Owens,J017,Analyst,41881,AL
776,Victor Adams,J003,Technician,33532,NC
777,James Vargas,J014,Analyst,25499,WA
778,Susan Hansen,J014,Manager,54558,WI
779,Samuel Smith,J009,Technician,73943,VA
780,Jeffrey Ray,J018,Analyst,72627,KY
781,Zachary Walton,J004,Manager,22941,SD
782,Timothy Gonzalez,J006,Manager,38474,DC
783,Joseph Harris,J013,Technician,34401,AK
784,Valerie Johns,J010,Clerk,33331,NJ
785,Casey Rodriguez,J001,Manager,40879,HI
786,Susan Bishop,J007,Clerk,93469,CA
787,Mr. Robert Small,J007,Manager,86516,AR
788,Bryan Lopez,J008,Engineer,29502,MO
789,Brandon Wolfe,J003,Technician,91574,WI
790,Katherine Benson,J001,Clerk,65352,HI
791,Steven Stevens,J002,Analyst,16572,MT
792,Blake Guerra,J006,Analyst,72985,CA
793,Kenneth Young,J007,Clerk,29186,MT
794,Allison Stanley,J012,Clerk,64702,MN
795,Maria Lewis,J015,Manager,12415,MD
796,Edward Davis,J020,Engineer,8726,SC
797,Brenda Hunter,J012,Clerk,67488,WA
798,Eric Thompson,J020,Engineer,8756,NY
799,Cole May,J006,Analyst,65987,SD
800,Amanda Navarro,J006,Engineer,20949,DE
801,Brian Adkins,J003,Clerk,8290,OR
802,Larry Gonzales,J007,Technician,81690,OH
803,Christopher Anderson,J013,Engineer,55920,NJ
804,Melissa Fields,J009,Technician,70889,MS
805,Madison Zamora,J019,Clerk,2726,CA
806,Patrick Bell,J019,Clerk,11294,SD
807,Brent Lopez,J008,Manager,86362,NE
808,Richard Jones,J019,Technician,46819,IA
809,Jennifer Moore,J020,Engineer,97048,KS
810,Randall Lewis,J003,Manager,38044,ID
811,Jeffrey Porter,J016,Clerk,31264,SC
812,Karen Kramer,J012,Manager,55257,PA
813,Curtis Williams,J008,Manager,46111,SC
814,Theresa Harper,J008,Manager,51650,AR
815,Phyllis Garcia,J012,Engineer,21291,TX
816,Connie Howard,J018,Clerk,54884,NJ
817,Jennifer Kelly,J003,Engineer,36314,WY
818,Kaitlin Thompson,J008,Technician,73077,FL
819,Kevin Combs,J005,Analyst,31397,CT
820,Megan Williams,J013,Technician,47428,MD
821,Jessica Wright,J007,Clerk,21871,HI
822,Mary Anderson,J014,Clerk,53438,VA
823,Travis Johnson,J012,Clerk,92733,NE
824,Christopher Young,J020,Clerk,21904,NH
825,Jacqueline Smith,J007,Manager,90172,NE
826,Tina Price,J018,Manager,1119,NC
827,Sarah Rich,J018,Clerk,3417,NC
828,Timothy Horton,J016,Analyst,57138,WY
829,Joseph Roberts,J017,Manager,17044,WV
830,Rachel Gallagher,J005,Technician,82369,MT
831,Seth Stokes Jr.,J012,Clerk,52051,ID
832,Robert Tyler,J007,Technician,91770,ND
833,James Nelson,J006,Analyst,77468,ND
834,Juan Wong,J002,Engineer,70356,LA
835,Joshua Smith,J004,Clerk,86265,HI
836,Jerome House,J008,Technician,35167,AZ
837,Jasmine Armstrong,J004,Manager,40880,GA
838,Mitchell Herrera,J011,Engineer,66991,OH
839,Michelle Allen,J013,Clerk,77345,WI
840,Rebecca Chambers,J004,Manager,76721,MO
841,Tiffany Brown,J011,Analyst,21386,MI
842,Laura Wilson,J004,Manager,70287,CA
843,Victoria Cook,J001,Manager,50842,ID
844,Betty Gonzalez,J017,Clerk,38721,WY
845,Denise Bradley,J002,Analyst,74108,AK
846,Tracy Fisher,J016,Engineer,2647,AZ
847,Michael Garcia,J008,Manager,33573,NV
848,Mark Hart,J013,Clerk,87549,DE
849,John Jones,J009,Technician,19241,NH
850,Joshua Frazier,J011,Analyst,3905,AR
851,Jonathan Wong,J002,Clerk,4120,CT
852,Anna Jordan,J010,Analyst,42590,MI
853,Angela Flowers,J004,Clerk,35123,OR
854,Michele Keller,J005,Analyst,86017,AL
855,Ian Johnson,J007,Manager,26414,NV
856,Patrick Hall,J006,Clerk,58534,ME
857,Mr. Austin Hoover,J007,Analyst,35063,WV
858,Sharon Ayers,J018,Engineer,31123,RI
859,Timothy Rosales,J004,Clerk,24348,IA
860,Kathryn Carroll,J009,Engineer,26791,ID
861,Leonard Nelson,J014,Manager,23613,MD
862,Tracy Clay,J007,Manager,99292,OK
863,Mr. Mark Cooper,J014,Analyst,22902,NJ
864,Michelle Velez,J005,Manager,94430,MN
865,Jacob Barry,J020,Engineer,17401,MD
866,Courtney Ramirez,J003,Manager,5443,WI
867,Hannah Rodriguez,J016,Technician,53912,CT
868,Courtney Montes,J014,Engineer,77239,NC
869,Darren Carr,J012,Technician,71643,GA
870,John Harrell,J015,Manager,51908,FL
871,Hunter Watkins,J014,Manager,81954,IN
872,Christine Simpson,J005,Manager,96410,MO
873,Catherine Kelly,J012,Clerk,91286,NY
874,Zachary Chandler,J002,Analyst,19349,CO
875,Lydia Hammond,J007,Clerk,31729,IN
876,Jennifer Williams,J008,Technician,9249,MI
877,Richard Anderson,J014,Clerk,97170,MN
878,Andrea Flores PhD,J015,Technician,51133,DC
879,Corey White,J016,Manager,69076,WY
880,Wesley Burns,J017,Engineer,93907,ND
881,Dr. Zachary Williams MD,J015,Technician,9389,KS
882,David Benson,J018,Technician,86172,NV
883,Rebecca Pitts,J005,Analyst,78792,DC
884,Ashley Green,J017,Manager,58550,NJ
885,Michael Thornton,J011,Technician,90094,KY
886,Morgan Jackson,J006,Analyst,32302,ND
887,Janet Marsh,J002,Clerk,25140,AL
888,Yolanda Crosby,J012,Clerk,76233,MT
889,Melvin Jensen,J018,Manager,91095,WV
890,George Perez,J018,Engineer,36402,SD
891,Kimberly Johnson,J020,Technician,61356,ME
892,Dean Harvey,J004,Clerk,74387,IA
893,Karen Frey,J020,Manager,63014,CA
894,Matthew Owens,J004,Manager,38870,OH
895,Sarah King,J003,Analyst,19838,ND
896,Michele Thornton,J001,Technician,64064,CO
897,Ronald Wallace,J016,Analyst,81324,TX
898,Kristina Johnson,J019,Manager,52474,MD
899,Sandra Lawrence,J010,Manager,51656,RI
900,Brian Lane,J003,Clerk,34388,AZ
901,Eric Williams,J004,Manager,36125,ND
902,Evan Mcgrath,J005,Clerk,33811,SD
903,Catherine Mills,J006,Analyst,2414,WV
904,Linda West,J019,Manager,80949,IL
905,Lawrence Foster,J006,Analyst,27624,WY
906,Gregory Shah,J020,Analyst,83914,WV
907,Pamela Johnston,J012,Manager,99694,SC
908,Norman Fischer,J019,Clerk,57053,GA
909,Alan Young,J009,Clerk,81759,OK
910,Adrienne Dixon,J017,Analyst,80573,LA
911,Stephen Thompson DVM,J020,Technician,91745,SD
912,Chad Price,J020,Technician,23341,MO
913,Jessica Thomas,J010,Technician,48282,MA
914,Sandra Chen,J011,Technician,30075,MA
915,Hailey Scott,J011,Technician,82971,WA
916,Kaitlyn Weaver,J014,Clerk,25504,DE
917,Jerry Jones,J001,Clerk,42064,NE
918,Joe Chandler,J016,Manager,8036,WY
919,Amanda Klein,J008,Technician,8311,TX
920,Lisa Schultz,J002,Technician,36999,SD
921,Sarah Gibbs,J001,Technician,6980,KY
922,David Coleman,J016,Technician,41096,MA
923,Theresa Jones,J017,Technician,70392,SC
924,Jose Barnes,J015,Technician,28621,AL
925,Jared Smith,J015,Manager,9151,WI
926,Robert Davis,J003,Analyst,22291,NE
927,Mr. Rodney Barton,J005,Clerk,23538,TN
928,Isaac Martin,J011,Manager,80391,AZ
929,Lisa Hernandez,J011,Manager,33653,WI
930,Terri Barnett,J013,Clerk,95814,VT
931,Brian Mendoza,J014,Manager,86902,WY
932,Kelly Edwards,J014,Engineer,11508,RI
933,Victoria Morris,J011,Analyst,35623,NV
934,Robert Williams,J004,Manager,59199,NM
935,Kimberly Rose,J005,Technician,88213,MN
936,Elizabeth Duncan,J017,Technician,57518,OH
937,Matthew Stone,J009,Clerk,59540,GA
938,Melanie Anderson,J002,Clerk,18262,WI
939,Deborah Hall,J020,Clerk,59878,AK
940,Kim Navarro,J003,Analyst,20779,NY
941,Madison Dunn,J015,Engineer,50389,PA
942,Timothy Bond,J019,Manager,31021,RI
943,Rachel Erickson,J006,Technician,31812,IN
944,Jared Golden,J016,Engineer,32010,NH
945,Nicole Hanson,J019,Manager,21800,ID
946,Donna Walsh,J011,Engineer,80009,MT
947,Amanda Oconnor,J015,Analyst,3207,GA
948,Lance Hoover,J005,Manager,12945,OH
949,Tim Flores,J018,Technician,69146,AZ
950,Kevin Villarreal,J012,Analyst,61028,AZ
951,Traci Wright,J007,Manager,27086,GA
952,Betty Davis,J010,Technician,64353,CA
953,Jennifer Alvarez,J010,Analyst,95587,CO
954,Alejandro Hale,J003,Technician,88401,TN
955,Luke Medina,J004,Engineer,39993,NM
956,Robert Wang,J009,Technician,49244,WA
957,Dr. Karen Smith,J016,Clerk,96373,VA
958,Mr. Carlos Meyers MD,J008,Clerk,64729,AL
959,Frank Carter,J015,Analyst,87533,WI
960,Timothy Santana,J001,Engineer,67463,IL
961,Gary Wilson,J001,Technician,83682,ND
962,Pamela Schroeder,J009,Analyst,3643,NY
963,Andrea Humphrey,J016,Clerk,71071,SC
964,David Beck,J011,Analyst,81398,SD
965,Alex Trevino,J015,Technician,5613,ME
966,Tiffany Garza,J014,Technician,86413,OR
967,Kevin Lee,J005,Engineer,12988,MA
968,Richard Powell,J008,Analyst,80320,TN
969,Karen Davidson,J004,Manager,65618,MD
970,Randy Bowman,J002,Engineer,36112,ME
971,Kim Mata,J014,Clerk,35465,ME
972,Dominique Hunt,J007,Analyst,84169,AL
973,Jeffrey Floyd,J017,Engineer,20740,FL
974,Daniel Lucas,J001,Engineer,91613,AK
975,Kimberly Robinson,J013,Clerk,70943,SD
976,Frank Lee DDS,J015,Analyst,59364,MO
977,Victoria Mosley DVM,J010,Clerk,15011,IN
978,John Murray,J004,Engineer,27177,LA
979,Anthony Watson,J015,Clerk,40619,IL
980,Karina Hill,J011,Clerk,90201,NH
981,Troy Ramirez,J008,Engineer,57255,WY
982,Mia Gordon,J008,Clerk,8148,KS
983,Nicholas Morrison,J011,Analyst,4944,MA
984,Bonnie Garcia,J017,Analyst,48972,NH
985,Peter Edwards,J018,Manager,34592,MT
986,Christopher Scott,J015,Clerk,61705,MI
987,Robert Archer,J011,Manager,41274,DC
988,Stephanie Dunn,J004,Manager,89289,MO
989,Veronica Brown,J012,Technician,97374,FL
990,Ricardo Cooper,J018,Analyst,20485,TX
991,Ruth Valdez,J013,Manager,1216,WY
992,Christian Long,J006,Engineer,96266,SC
993,Sonya Bowen DDS,J006,Analyst,52634,NY
994,Ricky Brooks,J012,Technician,44452,NE
995,Gary Becker,J012,Clerk,60754,IL
996,Ryan Hines,J010,Analyst,63581,WY
997,Kimberly Graham,J001,Manager,49450,MS
998,Jenna Wagner,J013,Analyst,76749,IN
999,Julie Jenkins,J005,Clerk,33129,MD
1000,Jessica Smith,J014,Technician,84928,LA
1001,Brian Hammond,J009,Engineer,37635,VA
1002,Stephanie Huynh,J001,Engineer,43894,MD
1003,Mary Henderson,J016,Manager,47216,NH
1004,Luis Santos,J006,Engineer,25113,MN
1005,Randy Maldonado,J001,Engineer,81178,MO
1006,Kevin Morgan,J014,Analyst,51665,KS
1007,Donald Blackwell,J016,Manager,40975,VT
1008,David Downs,J007,Technician,23176,VA
1009,Charles Bautista,J006,Manager,36980,SD
1010,Carrie Hernandez,J019,Analyst,37780,MS
1011,Jenna Klein,J002,Clerk,93407,IN
1012,Scott Elliott,J008,Engineer,84736,WI
1013,Erika Sanders,J007,Clerk,46714,PA
1014,Julia Brown,J011,Clerk,56431,WY
1015,Mercedes Knight,J011,Engineer,55796,AL
1016,Jordan Allen,J003,Analyst,96697,MT
1017,Heather Sullivan,J018,Manager,13464,IA
1018,Joanna Brown,J016,Clerk,66937,WI
1019,Katherine Martin,J012,Technician,56315,IN
1020,Melissa Spence,J020,Clerk,45781,IN
1021,Jeffrey Thomas,J001,Manager,23181,CO
1022,Johnny Rivera,J005,Technician,38153,ND
1023,David Cole,J018,Analyst,5578,SD
1024,Cheryl Cunningham,J016,Analyst,69920,OH
1025,Kimberly Phillips,J020,Analyst,13970,WA
1026,Gerald Ross,J004,Analyst,72441,CA
1027,Steven Steele,J015,Manager,34132,NJ
1028,Kyle Martinez,J018,Technician,81602,NC
1029,Joshua Walsh,J007,Engineer,6120,NE
1030,Jennifer Hudson,J010,Technician,16538,NY
1031,Ryan Bell,J007,Engineer,45859,WA
1032,David Gross,J007,Clerk,26477,MD
1033,Brian Murray,J005,Clerk,12698,KS
1034,Jennifer Kelly,J003,Analyst,75479,NC
1035,Julie Jenkins,J004,Analyst,38082,LA
1036,Lori Larsen,J019,Engineer,82486,WI
1037,Brian Williams,J011,Engineer,86771,CT
1038,Mrs. Amy Gray,J018,Analyst,65550,MI
1039,Matthew Roy,J014,Analyst,89220,MN
1040,Dr. Larry Hutchinson MD,J006,Clerk,26780,IA
1041,Thomas Bowen,J015,Engineer,98342,MI
1042,Mark Ross,J003,Analyst,23913,IL
1043,Matthew Holmes,J008,Engineer,65560,TN
1044,Dr. Jennifer Parker,J001,Engineer,97738,CA
1045,Mary Conner,J016,Clerk,35661,WV
1046,James Smith,J007,Engineer,86152,DE
1047,Kristine Williams,J010,Engineer,19954,CO
1048,James Rogers,J005,Technician,84903,WV
1049,Lori Hansen,J009,Technician,21527,IN
1050,Harold Evans,J011,Engineer,23431,PA
1051,Eric Hall,J017,Manager,40249,NV
1052,George Ayers,J015,Clerk,71892,HI
1053,Joseph Davis,J009,Analyst,19212,NY
1054,Stephanie Thompson,J010,Technician,40691,NH
1055,Gene Mitchell,J003,Manager,25765,IL
1056,Jerry Fleming,J009,Technician,16756,RI
1057,Austin Taylor,J016,Technician,42375,MI
1058,Dustin Long,J010,Technician,50011,AL
1059,Lee Wood,J008,Clerk,39483,NY
1060,James Macias,J012,Technician,80741,PA
1061,Mr. Allen Aguilar,J019,Analyst,47576,WY
1062,Joy Harris,J008,Clerk,63029,NJ
1063,Bradley Chavez,J002,Engineer,82851,NC
1064,Samantha Smith,J008,Analyst,96585,ID
1065,Richard Torres,J017,Clerk,60482,CO
1066,Karina Adams,J003,Clerk,44432,OR
1067,Evelyn Collier,J003,Technician,754,CO
1068,Joshua Carroll,J018,Analyst,45761,TN
1069,Kimberly Calderon,J012,Engineer,7269,CT
1070,Jeff Wells,J018,Engineer,71643,ID
1071,James Allen,J012,Engineer,57363,OK
1072,Ronald Murphy,J003,Analyst,8280,FL
1073,Megan Lopez,J002,Manager,23721,UT
1074,Daniel Patrick,J017,Engineer,64002,VT
1075,Joseph Miles,J014,Technician,26880,ND
1076,Brian Brown,J019,Manager,6894,MN
1077,Spencer Harris,J018,Clerk,824,ID
1078,Anthony Johnson,J001,Manager,58886,WV
1079,Michelle Thompson,J002,Technician,19468,MN
1080,Timothy Lin,J012,Analyst,67172,OK
1081,Jasmine Acevedo,J002,Clerk,48863,NC
1082,Hunter Miller,J018,Clerk,46681,VT
1083,Heidi Brooks,J002,Technician,5136,VA
1084,Sandra Price,J008,Engineer,90364,VT
1085,Laura White,J008,Engineer,40324,DC
1086,Benjamin Bryan,J008,Technician,11081,ME
1087,Lauren Mccarty,J010,Technician,10476,TX
1088,Michael Scott Jr.,J001,Engineer,51030,CT
1089,Drew Miller,J017,Technician,40438,PA
1090,Lee Carey,J008,Analyst,61785,AZ
1091,Dawn Newman,J018,Clerk,92914,PA
1092,Christina Hanna,J013,Clerk,6275,TX
1093,Jose Avery,J002,Manager,31632,AL
1094,Hayley Wheeler,J018,Engineer,58968,WI
1095,Micheal Lewis,J018,Engineer,54024,GA
1096,Tina Gentry,J016,Analyst,37095,VA
1097,Michele Farmer,J018,Technician,35158,KY
1098,Antonio Robbins,J009,Technician,36678,OH
1099,Thomas Kelly,J003,Technician,89236,NM
1100,Gina Phillips,J009,Engineer,95832,AR
1101,Nicholas Miller,J008,Analyst,72244,NC
1102,Mary Willis,J009,Manager,29401,OK
1103,Brandon Johnson,J016,Engineer,39111,TN
1104,Paul Ball,J015,Technician,56706,NC
1105,Desiree Stanton,J020,Analyst,50766,MS
1106,Deborah Clay,J006,Manager,38335,GA
1107,Matthew Ortiz,J020,Analyst,93153,MN
1108,Mary Brown,J012,Analyst,13217,MA
1109,David Riley,J017,Analyst,63655,VT
1110,Kevin Walker,J014,Technician,23656,OR
1111,Brenda Moore,J018,Engineer,25079,TN
1112,Charles Martinez,J001,Manager,85491,ND
1113,Kimberly Hudson,J006,Clerk,39577,MD
1114,Richard Blair,J004,Clerk,57169,MO
1115,Jennifer Roberts,J017,Analyst,15222,TN
1116,Darius Gibson,J014,Engineer,87081,SC
1117,Amber Pena,J010,Technician,83404,WV
1118,Tiffany Parrish,J001,Engineer,12016,WY
1119,Mariah Woods,J001,Engineer,19427,NE
1120,Mr. Aaron Anderson,J012,Technician,38152,NY
1121,Jacqueline Warren,J018,Analyst,51656,LA
1122,Kristopher Mann,J012,Analyst,47491,SD
1123,Jesse Morris,J009,Engineer,46522,NM
1124,Kayla Harris,J004,Clerk,95105,ME
1125,Jessica Romero,J018,Technician,67624,AR
1126,Allen Gregory,J018,Engineer,69198,AK
1127,Gerald Thomas,J009,Engineer,92183,KY
1128,Bridget Dougherty,J002,Manager,73507,NJ
1129,Michael Wilson,J013,Clerk,37538,AR
1130,Linda Parrish,J018,Analyst,55227,AZ
1131,Donna Harrison,J014,Analyst,44629,KY
1132,Mr. Mark Robinson,J018,Manager,12504,TN
1133,Craig Burke,J014,Engineer,54984,OK
1134,Anthony Burch,J018,Analyst,34703,AR
1135,Lisa Brown,J007,Engineer,69410,DE
1136,Alan Nelson,J005,Engineer,74761,AK
1137,Mike Gonzales,J014,Analyst,74186,NH
1138,Vanessa Ortiz,J011,Manager,51734,ND
1139,Brandi Ferguson,J015,Engineer,15156,RI
1140,Mary Dominguez,J006,Analyst,58176,ME
1141,Cory Fernandez,J015,Engineer,66042,NM
1142,Carolyn Burton,J013,Technician,56500,NC
1143,Lee Powers,J017,Technician,88919,MI
1144,Ashley Kelley,J015,Manager,23662,MI
1145,John Nicholson,J011,Analyst,13929,MS
1146,Robert Ayala,J013,Clerk,92966,MD
1147,Jose Williams,J017,Manager,56572,MS
1148,Angela Odonnell,J002,Technician,93314,MA
1149,George White,J001,Manager,40242,CO
1150,Melissa Warren,J015,Analyst,12604,HI
1151,Edward Howard,J017,Analyst,11955,NH
1152,Colton White,J013,Manager,95348,IA
1153,Michelle Brandt,J017,Clerk,45304,AL
1154,Nina Perez,J014,Technician,81827,KS
1155,Pamela Rodriguez,J020,Clerk,34225,NC
1156,Amanda King,J015,Engineer,81450,IL
1157,Amy Parker,J010,Manager,15406,VA
1158,Paula Neal,J017,Technician,1751,AR
1159,Michael Whitaker,J015,Technician,59782,DC
1160,Terry Hooper,J013,Technician,74249,OK
1161,Cheryl Walker,J012,Analyst,50604,UT
1162,Vickie Henson,J008,Technician,73191,AL
1163,Jordan Jordan,J004,Technician,24520,UT
1164,Mariah Choi DDS,J019,Clerk,36610,LA
1165,Richard Rogers,J020,Analyst,63402,LA
1166,Maria Clark,J004,Engineer,16630,NE
1167,Robert Perkins,J016,Technician,52419,SD
1168,Priscilla Johnson,J002,Analyst,75686,LA
1169,Lisa Bush,J008,Clerk,59680,NE
1170,Kayla Evans,J014,Analyst,15593,WI
1171,Charles Edwards,J006,Clerk,20998,MI
1172,Vincent Armstrong,J010,Analyst,66709,NY
1173,Charles King,J013,Technician,26979,MS
1174,Antonio Lamb,J017,Technician,17297,HI
1175,Felicia Day DVM,J011,Engineer,47483,CA
1176,Rebecca Thompson,J003,Clerk,97289,AL
1177,Michelle Allen,J004,Manager,2409,ID
1178,Alyssa Lopez DVM,J019,Manager,20902,IA
1179,Justin Edwards,J010,Analyst,39280,UT
1180,Heidi Williams,J009,Manager,80774,WA
1181,Sarah Hayes,J018,Analyst,14993,KS
1182,Dawn Walker,J010,Engineer,74363,VT
1183,Yvonne Harrison,J005,Analyst,20857,RI
1184,Amy Carrillo,J001,Engineer,72858,NC
1185,Jessica Larson,J009,Clerk,88901,IN
1186,Vanessa Copeland,J005,Engineer,66237,OR
1187,Lauren Colon,J004,Technician,81559,NM
1188,Timothy Ramirez,J007,Manager,73178,NY
1189,Juan Mcintyre,J008,Analyst,92433,VT
1190,Brenda Rodriguez,J008,Technician,40302,NV
1191,Briana Harrell,J019,Analyst,9520,SC
1192,Timothy Alvarez,J010,Engineer,52841,ME
1193,Scott Vaughn,J007,Analyst,25788,OH
1194,Amanda Horton,J017,Manager,98832,OH
1195,Shelly Peters,J007,Manager,78734,NY
1196,Erin Vasquez,J017,Analyst,17671,IA
1197,Alexander Carrillo,J018,Engineer,90478,TX
1198,Catherine Reeves,J011,Engineer,81489,WI
1199,Susan Freeman,J018,Engineer,69088,IA
1200,Matthew Johnson,J018,Analyst,81594,TX
